Timestamp,Open,High,Low,Close,Volume (BTC),Volume (Currency),Weighted Price
2/27/18 0:00,10329.99,10365.78,10303.62,10353.76,158.97,1642757.6,10334
2/27/18 0:30,10353.82,10419.89,10334.51,10369.99,245.81,2552980.36,10386.09
2/27/18 1:00,10369.99,10409.07,10316.2,10345.6,122.43,1267746.77,10355.08
2/27/18 1:30,10345.62,10349.97,10150.01,10208.43,469.72,4799296.99,10217.32
2/27/18 2:00,10205.99,10240,10150,10205.57,188.91,1924183.02,10185.71
2/27/18 2:30,10207.99,10251.01,10170.01,10170.01,100.03,1022851.04,10225.08
2/27/18 3:00,10170,10295.01,10170,10270.97,153.28,1567926.13,10228.95
2/27/18 3:30,10262.46,10337.99,10262.46,10290.48,133.39,1373482.39,10296.81
2/27/18 4:00,10286.68,10363.49,10279.99,10313.95,221.49,2288286.16,10331.36
2/27/18 4:30,10319.81,10340.37,10289.32,10293.06,57.64,594585.27,10315.45
2/27/18 5:00,10292.53,10316.32,10213.52,10271.33,49.89,511965.4,10262.28
2/27/18 5:30,10269.99,10347.41,10264.01,10316.52,75.82,783099.46,10328.35
2/27/18 6:00,10325.98,10383.9,10220,10267.01,148.03,1526104.3,10309.36
2/27/18 6:30,10267.01,10341.99,10262.12,10315.69,228.45,2352832.08,10298.89
2/27/18 7:00,10315.69,10365.46,10311.38,10325.01,65.86,680957.17,10339.5
2/27/18 7:30,10334.99,10656.55,10319.37,10631.6,779.63,8215751.36,10538.08
2/27/18 8:00,10628.06,10733.99,10614.66,10702.67,519.53,5551556.56,10685.79
2/27/18 8:30,10702.67,10753.3,10663.99,10703.71,287.26,3077356.76,10712.67
2/27/18 9:00,10703.71,10718.87,10665.35,10695.01,172.06,1839774.06,10692.79
2/27/18 9:30,10695,10780,10688.71,10746.26,163.6,1755543.57,10730.46
2/27/18 10:00,10737.79,10746.69,10679.87,10681,126.48,1354230.12,10706.67
2/27/18 10:30,10681,10698.89,10616.67,10659.42,224.93,2398693.48,10664.33
2/27/18 11:00,10658.72,10717.9,10641.66,10682.64,110.58,1182004.59,10689.21
2/27/18 11:30,10696.99,10762.21,10682.49,10706.99,370.55,3973617.56,10723.66
2/27/18 12:00,10705.73,10743.99,10676.29,10676.29,257.27,2756791.5,10715.43
2/27/18 12:30,10676.29,10699.99,10640.4,10678.15,188.81,2015008.21,10672.06
2/27/18 13:00,10678.16,10765,10674.01,10754.77,153.79,1648439.59,10718.79
2/27/18 13:30,10765,10850,10720.21,10850,441.23,4767211.12,10804.37
2/27/18 14:00,10850,10850,10650,10674.46,319.29,3431606.79,10747.71
2/27/18 14:30,10674.46,10714.99,10656.63,10672.52,152.81,1632767.53,10684.92
2/27/18 15:00,10680,10680,10478.56,10512.09,715.78,7558054.19,10559.26
2/27/18 15:30,10512.09,10609.89,10500,10576.01,153.9,1625840.07,10564.55
2/27/18 16:00,10578.37,10645,10563.32,10596.81,214.2,2269354.27,10594.73
2/27/18 16:30,10592.47,10677.99,10556.3,10630.83,167.46,1777555.98,10614.65
2/27/18 17:00,10621.2,10634.74,10570.88,10605,215.53,2287278.29,10612.46
2/27/18 17:30,10605,10630,10539.87,10577.92,160.13,1692601.46,10570.18
2/27/18 18:00,10570,10635,10563.28,10613.46,68.67,728349.89,10606.05
2/27/18 18:30,10614.88,10645.9,10593,10623.6,69.01,732701,10617.7
2/27/18 19:00,10621.65,10688.17,10618.43,10659.99,212.07,2258430.1,10649.35
2/27/18 19:30,10659.99,10738.99,10654.23,10666.42,288.25,3086478.55,10707.77
2/27/18 20:00,10673.06,10724.89,10661.58,10710.81,70.74,756671.88,10697.14
2/27/18 20:30,10710.79,10710.82,10593.4,10660,207.17,2205166.75,10644.12
2/27/18 21:00,10660,10706.56,10634.73,10697.57,117.27,1252276.72,10678.86
2/27/18 21:30,10704.52,10775,10688.2,10762.48,337.89,3630367.25,10744.14
2/27/18 22:00,10763.83,10797,10717.09,10773.99,174.92,1883716.69,10769.2
2/27/18 22:30,10773.99,10773.99,10701.53,10720.01,118.85,1275150.27,10729.22
2/27/18 23:00,10735.83,10750.69,10632,10647.29,257.59,2755347.31,10696.54
2/27/18 23:30,10648.15,10699.12,10555.79,10566.3,171.53,1822015.18,10622.22
2/28/18 0:00,10572.49,10650,10551,10630,114.56,1213582.78,10593.52
2/28/18 0:30,10630.01,10675,10611,10650.41,92.98,990277.09,10650.49
2/28/18 1:00,10640.86,10707.58,10627.76,10678.29,239.2,2556998.13,10689.93
2/28/18 1:30,10674.45,10717.67,10659.5,10698.87,74.98,801759.44,10692.5
2/28/18 2:00,10698.87,10775,10673.77,10706.41,189.64,2035148.26,10731.41
2/28/18 2:30,10715.99,10733.14,10675.3,10675.3,113.43,1214750.88,10709.68
2/28/18 3:00,10678.39,10949,10675.97,10912.75,382.58,4148808.27,10844.43
2/28/18 3:30,10912.75,10960,10865.55,10916.11,266.73,2914661.51,10927.43
2/28/18 4:00,10903.46,10980.74,10903.46,10954.75,257.38,2818575.79,10950.87
2/28/18 4:30,10950,10964.99,10885,10907.21,169.67,1851084.55,10910.01
2/28/18 5:00,10907.21,10939,10891.76,10939,77.62,847895.4,10923.61
2/28/18 5:30,10939,10964.23,10912.92,10940.47,133.19,1457322.02,10941.52
2/28/18 6:00,10945.67,11051.15,10923.1,11051.12,299.29,3293812.9,11005.5
2/28/18 6:30,11051.15,11064.75,10785.01,10803.99,551.82,6013056.41,10896.82
2/28/18 7:00,10809.73,10813.58,10646.44,10746.99,311.42,3335446.65,10710.59
2/28/18 7:30,10746.99,10807.13,10730,10748.51,191.98,2069891.32,10781.82
2/28/18 8:00,10751.99,10813.99,10742.62,10771.78,154.76,1668631.41,10781.81
2/28/18 8:30,10771.99,10773.68,10488.13,10493.67,472.03,5004702.79,10602.47
2/28/18 9:00,10496.77,10600,10475.04,10568.21,264.95,2787961.24,10522.55
2/28/18 9:30,10568.24,10634.01,10530,10602.99,235.36,2493822.66,10595.88
2/28/18 10:00,10600.83,10635,10539,10539,185.95,1971827.33,10603.88
2/28/18 10:30,10553.99,10591.99,10500,10582.47,200.89,2121223.76,10559.18
2/28/18 11:00,10576.27,10624.84,10523.6,10621.39,153.04,1619629.96,10583.01
2/28/18 11:30,10602.63,10656.03,10555.35,10567.9,116.27,1233087.62,10605.46
2/28/18 12:00,10567.89,10615,10516,10523.96,140.76,1489290.78,10580.67
2/28/18 12:30,10525.3,10525.3,10375,10410.38,793,8258520.74,10414.29
2/28/18 13:00,10394.44,10500,10364.78,10483.84,251.33,2619546.6,10422.89
2/28/18 13:30,10481.16,10513.79,10447.23,10470,204.34,2143245.3,10488.5
2/28/18 14:00,10464.16,10501.37,10437.79,10490,159.73,1671004.4,10461.37
2/28/18 14:30,10489.99,10562.94,10473.15,10514.87,245.21,2582202.44,10530.64
2/28/18 15:00,10514.99,10568.75,10500,10556.62,169.33,1783672.02,10533.46
2/28/18 15:30,10549.99,10556.63,10470,10496.24,106.45,1117564.02,10498.82
2/28/18 16:00,10510.99,10521.43,10443.96,10457.31,122.89,1287529.34,10476.9
2/28/18 16:30,10460.99,10483.69,10400,10400,124.42,1299055.51,10441.01
2/28/18 17:00,10405.09,10496,10400,10453.77,75.75,791334,10446.13
2/28/18 17:30,10453.77,10494.81,10426,10447.15,114.16,1194764.52,10465.57
2/28/18 18:00,10447.15,10566.01,10447.15,10530.2,343.08,3610910.47,10524.94
2/28/18 18:30,10549.16,10549.16,10443.59,10483.3,113.65,1191606.05,10485.13
2/28/18 19:00,10482.78,10533,10475.43,10493,74.03,778169.68,10510.98
2/28/18 19:30,10503.56,10551.25,10474.46,10551.25,119.56,1259309.11,10533.25
2/28/18 20:00,10555.13,10681.3,10555.06,10640.92,476.89,5070335.7,10632.15
2/28/18 20:30,10637.99,10682.13,10617.62,10659.99,259.53,2765189.86,10654.66
2/28/18 21:00,10659.99,10698.99,10635.93,10660,151.39,1615340.06,10669.75
2/28/18 21:30,10659.99,10667,10533.04,10533.04,173.15,1835771.12,10602.06
2/28/18 22:00,10529.75,10569.99,10518.27,10530.16,220.12,2321002.11,10544.19
2/28/18 22:30,10530,10537.14,10408.44,10409,180.79,1891856.37,10464.66
2/28/18 23:00,10409,10456.99,10255.07,10347.61,386.54,3995843.88,10337.43
2/28/18 23:30,10330,10353.42,10267.4,10314.9,234.94,2420712.58,10303.65
3/1/18 0:00,10314.99,10354.99,10223.41,10339.68,220.42,2263846.63,10270.66
3/1/18 0:30,10324.6,10407.66,10295.92,10388.99,228.58,2365852.59,10350.2
3/1/18 1:00,10388.99,10398.57,10310.49,10375,128.92,1335409.66,10358.16
3/1/18 1:30,10374.99,10422.67,10335.87,10410.42,68.76,713438.29,10376.11
3/1/18 2:00,10414.99,10453.65,10332.53,10356.99,90.76,944563.89,10407.09
3/1/18 2:30,10350.96,10387.41,10289.96,10328.77,89.49,923937.52,10324.28
3/1/18 3:00,10322.34,10399.26,10322.33,10352.1,75.16,779380.87,10370.22
3/1/18 3:30,10351.68,10380.81,10285.92,10347.82,37.25,384841.19,10331.1
3/1/18 4:00,10359.99,10448.72,10359.99,10420,233.22,2428480.72,10413
3/1/18 4:30,10439.68,10477.29,10349.41,10448.23,110.07,1147601.35,10425.94
3/1/18 5:00,10439.99,10448.26,10362.11,10413.07,38.61,401589.18,10401.18
3/1/18 5:30,10390.69,10456.99,10387.78,10404.1,36.99,385675.54,10427.69
3/1/18 6:00,10404.01,10414.97,10317.91,10339.48,103.94,1078017.34,10371.05
3/1/18 6:30,10338.45,10414.89,10320.1,10400.99,77.72,806911.05,10382.05
3/1/18 7:00,10408.36,10549.01,10386.31,10549.01,177.06,1853285.61,10467.28
3/1/18 7:30,10542.46,10559.95,10493.2,10532.99,208.89,2197397.17,10519.34
3/1/18 8:00,10532.99,10648.16,10528.33,10611.76,262.38,2783459.68,10608.62
3/1/18 8:30,10610.21,10655.99,10584.55,10630.35,107.39,1140171.59,10616.72
3/1/18 9:00,10626.43,10650,10547.06,10599.82,114.97,1218369.69,10597.28
3/1/18 9:30,10592.99,10625,10574.69,10593.17,81.4,863588.82,10609.81
3/1/18 10:00,10595,10700,10583.47,10672.98,287.59,3069560.95,10673.46
3/1/18 10:30,10672.88,10739,10639.89,10739,210.41,2249791.04,10692.41
3/1/18 11:00,10736.48,10748.74,10652.45,10694.13,279.89,2997759.9,10710.65
3/1/18 11:30,10699.47,10711.03,10650.31,10654.78,90.56,967131.29,10679.31
3/1/18 12:00,10654.78,10707.02,10650.31,10675,123.58,1318697.17,10670.87
3/1/18 12:30,10687.84,10725.37,10612.07,10639.95,144.94,1544845.04,10658.59
3/1/18 13:00,10641.62,10700,10634.69,10668.47,350,3733961.63,10668.4
3/1/18 13:30,10679.66,10832.15,10668.68,10770,653.52,7046933.8,10783.11
3/1/18 14:00,10770,10809.95,10745.02,10764.96,203.5,2193397.84,10778.62
3/1/18 14:30,10764.96,10810,10738.22,10782.6,199.66,2152066.59,10778.84
3/1/18 15:00,10782.64,10782.64,10660.66,10670,213.76,2286751.1,10697.52
3/1/18 15:30,10674.15,10724.76,10667.41,10718.11,119.52,1278938.93,10700.87
3/1/18 16:00,10713.87,10772.15,10692.32,10730,242.86,2603903.08,10721.76
3/1/18 16:30,10730,10776.69,10719.61,10743.66,59.03,634295.91,10745.53
3/1/18 17:00,10744.66,10767.78,10701.68,10737.8,139.93,1503401.9,10743.87
3/1/18 17:30,10728.15,10897.68,10720,10833.36,362.16,3920173.65,10824.48
3/1/18 18:00,10847,10885.89,10819.14,10878.11,285.96,3103777.4,10854.03
3/1/18 18:30,10878.12,10942.9,10840.78,10934,410.09,4470671.11,10901.59
3/1/18 19:00,10932.81,10950,10869.34,10915,286.73,3132144.48,10923.71
3/1/18 19:30,10914.99,10916.18,10841.68,10908.48,120.23,1308146.93,10880.09
3/1/18 20:00,10900,10999.9,10870,10999.89,389.79,4269784.69,10954.09
3/1/18 20:30,10999.9,11090,10944.33,11041,602.82,6641015.37,11016.5
3/1/18 21:00,11041.02,11080.86,10963.38,10986,258.84,2851940.45,11018.02
3/1/18 21:30,10986,11014.32,10875.52,10928.96,181.79,1991891.77,10957.33
3/1/18 22:00,10933.28,10948.45,10814.74,10874.18,253.03,2747287.65,10857.7
3/1/18 22:30,10862.33,10991.03,10841,10989.73,117.73,1284436.33,10909.92
3/1/18 23:00,10990.98,11005.66,10918,10943,170.22,1866143.77,10963.05
3/1/18 23:30,10943,10968.53,10889.2,10903.13,231.56,2527738.56,10915.99
3/2/18 0:00,10917.37,11070,10908,11066.25,332.08,3650851.31,10993.81
3/2/18 0:30,11066.24,11080.37,11004.05,11016.22,154.72,1707951.98,11039.28
3/2/18 1:00,11016.22,11152.05,10961,11092.99,311.24,3442226.74,11059.79
3/2/18 1:30,11092.99,11175,11086.39,11136.02,241.8,2691328.04,11130.19
3/2/18 2:00,11130.21,11158.99,11059.04,11128.99,224.97,2499651.87,11110.9
3/2/18 2:30,11139.99,11152.98,11027.15,11036.33,180.11,1993410.16,11067.98
3/2/18 3:00,11036.33,11126.87,11036,11058.31,126.2,1398059.73,11078.14
3/2/18 3:30,11044.18,11106.76,11040.02,11090,87.03,964085.27,11078.13
3/2/18 4:00,11090.36,11131.15,11032.94,11060.01,126.96,1407490.76,11085.71
3/2/18 4:30,11060.01,11068.95,10942.9,10982.99,184.68,2031308.13,10998.93
3/2/18 5:00,10985.99,10999.22,10899.09,10984.37,242.21,2647575.53,10930.7
3/2/18 5:30,10975,11023.98,10965.17,10989.99,120.54,1324699.09,10990.12
3/2/18 6:00,10991.41,11095.98,10985.05,11070.99,132.23,1458696.63,11031.14
3/2/18 6:30,11086.1,11121.13,11050.11,11095,139.63,1548836.55,11092.6
3/2/18 7:00,11094.99,11145.21,11030.45,11035,144.23,1599967.1,11092.95
3/2/18 7:30,11040,11086.63,11011,11079.99,143.09,1580002.19,11041.92
3/2/18 8:00,11079.99,11158.71,11043.42,11111.67,237.39,2634254.92,11096.78
3/2/18 8:30,11119.99,11120,11068.98,11099,84.96,942671.63,11095.85
3/2/18 9:00,11099.99,11100,10935.06,10950,302.16,3325538.12,11005.88
3/2/18 9:30,10945,10978.09,10861.24,10888.99,323.36,3529465.9,10915.1
3/2/18 10:00,10888.99,10950.72,10870.05,10874.71,182.59,1994603.51,10923.85
3/2/18 10:30,10873.38,10926.03,10815,10913,234.87,2549390.45,10854.65
3/2/18 11:00,10910,10919.11,10833.58,10879.64,176.23,1917733.3,10881.79
3/2/18 11:30,10879.64,10942.5,10848.14,10913.99,151.16,1650334.33,10917.5
3/2/18 12:00,10913.93,10992.99,10891.73,10989.24,212.76,2328984.62,10946.33
3/2/18 12:30,10989.24,11020.07,10961.05,11020.07,275.25,3024627.55,10988.8
3/2/18 13:00,11020.99,11050,10939,10980.17,340.56,3740662.32,10983.94
3/2/18 13:30,10977.63,10987.31,10936.12,10960,62.34,683636.19,10965.98
3/2/18 14:00,10961.28,10989.68,10801,10801,224.19,2437945.95,10874.26
3/2/18 14:30,10801,10858.07,10774.01,10788.99,307.64,3324838.54,10807.57
3/2/18 15:00,10788.99,10856.3,10788.99,10856.3,103.25,1118838.39,10835.91
3/2/18 15:30,10854.64,10870.8,10821.99,10863.99,102.2,1109162.57,10852.67
3/2/18 16:00,10860.1,10872.15,10779.5,10821.51,135.42,1465818.94,10824.02
3/2/18 16:30,10821.51,10877.99,10795.01,10852.67,165.21,1789314.33,10830.39
3/2/18 17:00,10859.54,10895,10835.92,10891.28,145.85,1585108.47,10868.25
3/2/18 17:30,10891.99,10913.99,10834.15,10913.99,105.55,1147873.44,10875.19
3/2/18 18:00,10913.99,10923.75,10851.19,10878.94,136.92,1490773.37,10887.6
3/2/18 18:30,10884.55,10950,10860,10933.67,94.74,1034384.83,10917.62
3/2/18 19:00,10931.12,10942.21,10848.82,10880.39,134.31,1464351.93,10902.51
3/2/18 19:30,10887.99,10919,10859.32,10918.98,30.72,334569.83,10890.78
3/2/18 20:00,10918.99,11018.12,10878.84,11004.65,235.58,2585312.21,10974.04
3/2/18 20:30,11010.19,11080.37,11001.39,11061,245.41,2710561.75,11044.94
3/2/18 21:00,11060.01,11075.23,10982.6,11062,105.37,1162514.91,11032.82
3/2/18 21:30,11062.99,11079.25,10992.15,11026.94,69.03,762087.72,11040.25
3/2/18 22:00,11034.99,11067.19,11023.69,11057.99,48.62,536973.73,11044.59
3/2/18 22:30,11051.83,11108.07,11036.64,11102.02,204.73,2270752.74,11091.22
3/2/18 23:00,11103.99,11114.63,10968.49,10998.57,188.97,2086961.53,11044.01
3/2/18 23:30,10998.57,11044.15,10937.98,11029.99,70,769793.41,10996.36
3/3/18 0:00,11032.81,11071.68,11022.85,11070,88.75,980952.3,11053.54
3/3/18 0:30,11070,11102.53,11057.58,11066.84,133.62,1480553.77,11080.63
3/3/18 1:00,11066.84,11210,11061.98,11203.6,382.62,4272545.8,11166.55
3/3/18 1:30,11209.65,11243.56,11177.61,11206.21,265.94,2981443.81,11210.91
3/3/18 2:00,11219.93,11247.62,11178.61,11245,121.29,1360624.74,11218.25
3/3/18 2:30,11245,11348,11218.26,11308.79,615.61,6956849.68,11300.81
3/3/18 3:00,11308.79,11335.59,11283.41,11284.4,93.31,1055838.46,11315
3/3/18 3:30,11283.45,11333.04,11239.08,11319.81,159.62,1803624.8,11299.43
3/3/18 4:00,11317.14,11347.72,11300,11331.26,181.65,2056160.32,11319.26
3/3/18 4:30,11323.8,11378,11320,11354.98,225.93,2564780.96,11352.31
3/3/18 5:00,11350.01,11365.51,11270,11310.05,118.94,1345101.14,11309.38
3/3/18 5:30,11310.06,11357,11279.67,11314.8,99.16,1122344.41,11318.77
3/3/18 6:00,11319.09,11368.99,11306.29,11355.81,110.17,1249414.28,11341.15
3/3/18 6:30,11355.81,11397,11322.86,11333.05,252,2866444.94,11374.74
3/3/18 7:00,11337.99,11380,11333.26,11344.98,118.81,1350601.17,11367.49
3/3/18 7:30,11336.99,11344.97,11272.55,11291.38,196.77,2222470.5,11294.67
3/3/18 8:00,11295.81,11295.98,11229.49,11268.75,186.94,2103762.55,11253.47
3/3/18 8:30,11249.43,11354.22,11249,11353.34,130.58,1477672.88,11315.86
3/3/18 9:00,11351.59,11365,11295,11306.54,119.88,1359366.72,11339.09
3/3/18 9:30,11306.55,11330.06,11280,11320,76.56,865717.39,11307.72
3/3/18 10:00,11319.99,11335,11300,11302.13,80.7,912864.32,11312.09
3/3/18 10:30,11302.72,11355,11301,11323.32,83.06,941351.38,11332.74
3/3/18 11:00,11323.46,11355.74,11291,11330,78.86,893604.01,11330.97
3/3/18 11:30,11322.12,11322.12,11250.01,11278.71,127.51,1438390.89,11280.98
3/3/18 12:00,11278.71,11365,11278.7,11365,123.7,1401445.7,11329.84
3/3/18 12:30,11365,11445.94,11365,11395.4,292.2,3333121.49,11406.84
3/3/18 13:00,11399.99,11431.6,11377.18,11431.6,172.16,1962707.88,11400.81
3/3/18 13:30,11431.6,11482.03,11417.87,11448.66,379,4341665.34,11455.64
3/3/18 14:00,11447.4,11470.2,11375.55,11421.75,470.74,5370720.44,11409
3/3/18 14:30,11421.99,11422.71,11389,11414.01,84.67,965490.01,11402.56
3/3/18 15:00,11412.01,11440,11381,11406.14,95.01,1084302.42,11412.83
3/3/18 15:30,11405.99,11479.99,11396.5,11456.43,178.9,2045028.05,11431.09
3/3/18 16:00,11458.31,11460,11418.12,11450,75.82,867723.11,11443.93
3/3/18 16:30,11447.99,11460,11434.85,11448.96,54.5,623935.93,11449.04
3/3/18 17:00,11448.97,11458.73,11402.2,11427.99,75.08,859197.86,11443.65
3/3/18 17:30,11429.99,11503.24,11423.77,11494.01,163.42,1877277.64,11487.29
3/3/18 18:00,11494.01,11494.02,11451.28,11454.46,38.83,445594.46,11476.56
3/3/18 18:30,11459.99,11474.74,11419,11458.99,101.34,1160325.56,11450.05
3/3/18 19:00,11459.7,11494.67,11459.01,11465,98.31,1128419.89,11478.1
3/3/18 19:30,11464.99,11500,11439.99,11451.99,83.27,955185.54,11471.06
3/3/18 20:00,11451.98,11474.78,11351.4,11366.32,116.25,1328058.43,11424.05
3/3/18 20:30,11366.29,11372.06,11220.2,11290.73,668.18,7530919.85,11270.73
3/3/18 21:00,11290.74,11354.01,11272.32,11352.82,104.93,1188687.38,11328.85
3/3/18 21:30,11352.82,11353.94,11267.34,11304.04,87.49,988632.19,11299.8
3/3/18 22:00,11283.4,11339.45,11283.35,11306.24,61.08,691412.97,11320.07
3/3/18 22:30,11327.41,11414.91,11286.1,11397.64,74.86,850294.82,11358.21
3/3/18 23:00,11397.64,11460.82,11373.96,11447.15,95.16,1085734.19,11409.91
3/3/18 23:30,11447.16,11462.99,11408.93,11445,43.1,492897.39,11437.35
3/4/18 0:00,11445,11450,11388.08,11388.99,79.36,905185.97,11406.09
3/4/18 0:30,11393,11400,11344.35,11353.9,59.53,676944.85,11371.88
3/4/18 1:00,11352.52,11400,11347.14,11365,56.22,640374.11,11390.64
3/4/18 1:30,11365,11400,11364.99,11392.32,89.83,1022334.3,11381.19
3/4/18 2:00,11390.99,11392.32,11301,11301,63.97,725160.67,11335.88
3/4/18 2:30,11306.13,11323.01,11261.02,11323.01,34.91,394280.63,11293.25
3/4/18 3:00,11305.17,11321.81,11219.57,11242.57,91.95,1034526.89,11251.15
3/4/18 3:30,11241.99,11244.25,11110,11172,309.43,3454911.95,11165.3
3/4/18 4:00,11176.27,11200,11113,11145.67,201.29,2245196.99,11154.07
3/4/18 4:30,11163.7,11210,11150.4,11201.99,61.5,688572.22,11195.98
3/4/18 5:00,11203.02,11210,11177.89,11180,43.13,482893.01,11197.42
3/4/18 5:30,11188.99,11205.99,11141.41,11201.65,34.87,389762.13,11178.98
3/4/18 6:00,11201.65,11205.99,11169.72,11199.46,25.2,282078.95,11191.56
3/4/18 6:30,11192.99,11204.2,11113,11116,67.81,755628.66,11143.53
3/4/18 7:00,11116,11141.95,11105.46,11114.3,99.85,1109875.91,11115.46
3/4/18 7:30,11114.3,11139.79,11054.91,11139.73,201.43,2233166.09,11086.37
3/4/18 8:00,11142.39,11187.51,11101.43,11163,90.34,1006379.52,11140.31
3/4/18 8:30,11163,11210,11132.41,11198.48,153.93,1718710.61,11165.47
3/4/18 9:00,11199.99,11225.64,11175.16,11221.99,104.88,1174327.34,11197.03
3/4/18 9:30,11216.99,11260.32,11200.75,11233.92,84.5,949766.18,11240.37
3/4/18 10:00,11232.93,11235.96,11189.06,11199.94,57.75,647143.69,11205.65
3/4/18 10:30,11199.94,11210.99,11096.43,11152.21,163.92,1826103.22,11140.53
3/4/18 11:00,11135.42,11156.73,11085,11146.99,89.83,998939.72,11120.81
3/4/18 11:30,11149.23,11185,11124.49,11147.99,119.58,1334616.4,11160.51
3/4/18 12:00,11145.74,11217.99,11129.55,11169.77,152.47,1705407.75,11185.13
3/4/18 12:30,11169.99,11230.93,11159.53,11203.99,61.52,689588.09,11209.14
3/4/18 13:00,11207.99,11240,11151,11170.91,49.17,550155.96,11189.06
3/4/18 13:30,11160,11218.11,11160,11194.7,34.6,387368.38,11195.89
3/4/18 14:00,11194.99,11205.58,11102.51,11145.96,96.64,1075842.37,11132.17
3/4/18 14:30,11145.88,11154.5,11100,11108.05,38.68,430527.98,11130.14
3/4/18 15:00,11108.05,11136.37,11068.96,11123.89,101.43,1125307.66,11094.51
3/4/18 15:30,11132.49,11132.49,11090,11129,48.13,534321.66,11101.15
3/4/18 16:00,11125,11165,11125,11140.03,62.88,700756.6,11143.91
3/4/18 16:30,11131.51,11148.99,11101,11130.42,83.33,926722.53,11121.19
3/4/18 17:00,11131.94,11148.24,11107.3,11120.07,41.93,466325.06,11122.02
3/4/18 17:30,11126.42,11147,11101,11108,110.08,1223812.4,11117.05
3/4/18 18:00,11101,11315.99,11097.5,11304.1,290.1,3254874.59,11219.76
3/4/18 18:30,11304.01,11360,11282.74,11350,479.87,5434109.55,11324.13
3/4/18 19:00,11340.99,11390,11327.54,11354.23,273.98,3114715.3,11368.56
3/4/18 19:30,11354.23,11395,11334.85,11345.05,184.75,2099834.91,11366.09
3/4/18 20:00,11345.05,11470,11340.39,11427.66,381.55,4354138.7,11411.62
3/4/18 20:30,11414.14,11455,11380.06,11442.99,116.54,1331207.51,11423.13
3/4/18 21:00,11442.99,11478.71,11390.14,11410.5,139.04,1590649.11,11440.52
3/4/18 21:30,11410.5,11440.62,11370.76,11404.12,145.99,1664629.67,11402.63
3/4/18 22:00,11404.12,11423.99,11367.12,11376.3,179.37,2042352.36,11386.21
3/4/18 22:30,11376.3,11406.99,11247.62,11367.36,682.27,7733418.42,11334.91
3/4/18 23:00,11368.76,11467.71,11355,11457.91,313.91,3581739.53,11410.22
3/4/18 23:30,11457.91,11511,11440,11463.27,378.42,4345938.18,11484.53
3/5/18 0:00,11479.68,11490.38,11383.66,11413.17,179.46,2051885.46,11433.86
3/5/18 0:30,11413.17,11461,11388.95,11455.47,160.78,1838031.89,11432.21
3/5/18 1:00,11461,11468.12,11389.46,11443.59,363.54,4148838.06,11412.39
3/5/18 1:30,11437.59,11460.32,11429.76,11451.89,55.07,630537.67,11449.22
3/5/18 2:00,11451.89,11479,11440.45,11452.06,54.66,626390.92,11458.78
3/5/18 2:30,11458.94,11527.94,11450.86,11510.97,142.22,1635917.56,11502.4
3/5/18 3:00,11518.04,11520.65,11446.75,11493.89,134.48,1544645.46,11486.27
3/5/18 3:30,11493.89,11577.76,11488.9,11555.89,224,2586155.71,11545.15
3/5/18 4:00,11550.38,11618.7,11533.29,11580.39,149.72,1733931.69,11580.78
3/5/18 4:30,11580.39,11580.39,11511.72,11511.72,145.92,1684822.99,11546.52
3/5/18 5:00,11511.76,11533.81,11480,11481.29,111.33,1281293.88,11509.26
3/5/18 5:30,11480.01,11546.93,11462.82,11512.54,160.77,1849957.69,11507.06
3/5/18 6:00,11515.2,11558.86,11513.23,11528.01,148.35,1712336.09,11542.31
3/5/18 6:30,11525.45,11552.84,11506.23,11539.1,128.39,1479653.98,11524.54
3/5/18 7:00,11539.1,11579.26,11501.45,11577.1,272.66,3145177.11,11535.13
3/5/18 7:30,11559.24,11575.72,11505,11510.1,211.78,2442841,11534.94
3/5/18 8:00,11515.04,11532.38,11510,11510.1,86.8,999847.88,11519.36
3/5/18 8:30,11510,11510,11417.95,11447.79,251.06,2878661.16,11466.09
3/5/18 9:00,11442.03,11463.42,11425.41,11440,55.09,630230.84,11440.21
3/5/18 9:30,11445.3,11480,11432.39,11437,175.26,2007317.23,11453.31
3/5/18 10:00,11437,11458.7,11406.41,11427.51,241.27,2759481.77,11437.49
3/5/18 10:30,11427.41,11500,11422.38,11478.47,152.84,1754554.27,11479.52
3/5/18 11:00,11490.65,11510,11451.89,11477.27,192.6,2211732.07,11483.84
3/5/18 11:30,11477.25,11520,11465.32,11498.99,86.35,992720.78,11496.16
3/5/18 12:00,11499.95,11606,11493.5,11550.99,1008.97,11680353.5,11576.55
3/5/18 12:30,11551,11554.29,11500,11541.99,226.5,2610302.64,11524.51
3/5/18 13:00,11542,11543.84,11469.39,11511.01,151.61,1745373.34,11512.46
3/5/18 13:30,11524.04,11526.63,11495.55,11519.16,52.98,609738.92,11508.87
3/5/18 14:00,11519.16,11549.17,11470.01,11480.77,138.82,1598950.09,11518.22
3/5/18 14:30,11476.51,11490,11450,11479.7,243.9,2796020.99,11463.9
3/5/18 15:00,11479.7,11518.17,11452.32,11474.66,145.58,1671711.87,11483.13
3/5/18 15:30,11472,11512,11457.69,11505.01,90.85,1043991.49,11490.84
3/5/18 16:00,11500.3,11555.46,11499.01,11542,161.7,1863287.29,11523.26
3/5/18 16:30,11541.08,11575,11507,11514.24,232.32,2680534.77,11538
3/5/18 17:00,11513.64,11535.21,11509.44,11517.98,87.56,1009236.14,11526.62
3/5/18 17:30,11529.21,11529.48,11484.63,11504.94,214.13,2463509.77,11504.96
3/5/18 18:00,11490.72,11519.76,11481.3,11510.19,166.64,1916762.76,11502.51
3/5/18 18:30,11510.21,11688,11510.13,11667.43,1031.11,11990847.71,11629.12
3/5/18 19:00,11669.99,11682.1,11650,11662.89,265.95,3100995,11659.86
3/5/18 19:30,11662.89,11671.25,11624.04,11631.35,259.89,3026674.24,11646.19
3/5/18 20:00,11636.99,11682.01,11610.55,11645.71,454.49,5293582.32,11647.41
3/5/18 20:30,11645.71,11658.35,11563.2,11593.41,254.32,2954477.53,11617.39
3/5/18 21:00,11593.41,11602.07,11527.89,11546.99,203.69,2355744.12,11565.18
3/5/18 21:30,11539.57,11593.04,11537.91,11565.34,125.22,1448442.32,11567.54
3/5/18 22:00,11558.85,11606.11,11557.85,11606.11,82.49,955693.05,11586.23
3/5/18 22:30,11592.47,11622.12,11552.17,11562.53,86.84,1005749.36,11581.41
3/5/18 23:00,11560.53,11605.99,11553,11576.97,107.49,1244763.69,11580.4
3/5/18 23:30,11586.27,11593.03,11417.39,11419.24,256.26,2944396.16,11489.68
3/6/18 0:00,11417.39,11420.01,11282.67,11282.99,658.21,7472685.86,11352.97
3/6/18 0:30,11283,11350.99,11281.86,11283.99,304.55,3442377.2,11303.28
3/6/18 1:00,11284.31,11299.99,11200.93,11247.77,425.32,4780199.31,11238.94
3/6/18 1:30,11247.77,11295.49,11230,11290.99,124.57,1403502,11266.49
3/6/18 2:00,11279,11288.45,11229.35,11244.33,202.61,2280679.23,11256.73
3/6/18 2:30,11231.78,11268.84,11213.14,11264.99,93.62,1052181.41,11238.83
3/6/18 3:00,11264.99,11285,11163.98,11229.63,367.5,4119863.56,11210.41
3/6/18 3:30,11207.55,11256.09,11196.41,11247.38,59.65,670050.39,11232.2
3/6/18 4:00,11247.38,11332.54,11237.61,11307.29,148.37,1674085.8,11283.05
3/6/18 4:30,11307.29,11321.48,11264.15,11288.78,98.35,1111075.08,11296.84
3/6/18 5:00,11288.78,11310.99,11232.68,11280.96,81.52,919219.61,11275.58
3/6/18 5:30,11280.8,11319.81,11280.72,11306.06,37.63,425350.67,11302.38
3/6/18 6:00,11309.99,11335.18,11306,11320,329.51,3730524.17,11321.27
3/6/18 6:30,11320,11320.99,11280.7,11291.98,176.32,1993571.79,11306.49
3/6/18 7:00,11291.98,11297.35,11238.98,11283,78.75,887229.14,11266.36
3/6/18 7:30,11278.25,11308.98,11270,11297.99,55.79,629704.55,11287.85
3/6/18 8:00,11297.99,11307.34,11255,11257.64,305.52,3443280.64,11270.05
3/6/18 8:30,11270.08,11271.46,11243.55,11263.04,226.71,2551364.14,11254.02
3/6/18 9:00,11254.77,11299.01,11249.78,11279.99,133.25,1502059.39,11272.48
3/6/18 9:30,11272.11,11291.11,11250.9,11257.86,54.32,612104.21,11269.03
3/6/18 10:00,11258.17,11270.33,11038.33,11052,1156.51,12879882.84,11136.81
3/6/18 10:30,11050.23,11052,10834.7,10935.53,1027.35,11239330.24,10940.17
3/6/18 11:00,10935.53,10970,10834.98,10874,422.36,4614444.91,10925.34
3/6/18 11:30,10877.89,10944.96,10873,10928.31,389.25,4248718.94,10915.09
3/6/18 12:00,10928.28,10965.11,10867.5,10888.25,136.89,1494165.3,10915.29
3/6/18 12:30,10888.39,10928.26,10870.02,10928.1,255.44,2785289.2,10903.77
3/6/18 13:00,10918.99,10932.03,10877.55,10905.05,249.87,2724106.78,10902.15
3/6/18 13:30,10887.21,10900.52,10800,10835.1,451.19,4892127.84,10842.76
3/6/18 14:00,10855.35,10909.95,10835.1,10880.36,171.83,1868545.02,10874.6
3/6/18 14:30,10877.66,11009.99,10877.66,10985.89,330.08,3619668.67,10966.12
3/6/18 15:00,10991.63,11020,10959.09,11020,206.63,2272141.29,10996.06
3/6/18 15:30,11015,11016.71,10966,10971.18,118.59,1305084.28,11005.33
3/6/18 16:00,10971.17,10974.18,10917.37,10924.05,237.08,2593991.53,10941.3
3/6/18 16:30,10941.6,10995,10931.73,10950.69,182.82,2003688.59,10959.79
3/6/18 17:00,10950.02,10959.5,10806.9,10806.9,424.27,4610211.97,10866.27
3/6/18 17:30,10806.9,10832.32,10753.3,10768.61,381.5,4118144.09,10794.62
3/6/18 18:00,10768.97,10868.73,10768.97,10817,268.56,2905326.76,10818.28
3/6/18 18:30,10817,10858.47,10707,10712.43,386.78,4165425.31,10769.56
3/6/18 19:00,10712,10712,10615,10628.19,657.77,7009046.16,10655.82
3/6/18 19:30,10628.19,10723.13,10566.99,10696.55,697.1,7427092.06,10654.24
3/6/18 20:00,10704.77,10706.5,10600,10608.43,441.2,4691761.45,10634.02
3/6/18 20:30,10623.3,10671,10560.19,10654.99,328.31,3484388.79,10613.26
3/6/18 21:00,10650.74,10778.45,10650.74,10737.2,227.56,2442473.59,10733.52
3/6/18 21:30,10737.01,10820.99,10725,10799.99,399.12,4306436.91,10789.91
3/6/18 22:00,10790,10799.99,10704.83,10757,154.69,1663320.37,10752.87
3/6/18 22:30,10751.99,10815.26,10743,10768.2,165.38,1782939.23,10781.12
3/6/18 23:00,10768.2,10784.99,10585.5,10631.14,651.24,6953517.94,10677.3
3/6/18 23:30,10631.13,10745.05,10625.01,10723.76,252.98,2705507.52,10694.64
3/7/18 0:00,10723.01,10834.15,10723,10817.47,237.2,2557814.28,10783.5
3/7/18 0:30,10817.47,10888.39,10795,10859.01,152.15,1651263.98,10853.2
3/7/18 1:00,10859,10871.8,10811,10811,151.02,1636943.14,10839.55
3/7/18 1:30,10811.98,10911.78,10808.86,10873.13,241.8,2631478.1,10882.93
3/7/18 2:00,10866.99,10882.53,10758.76,10772.86,193.07,2088142.94,10815.42
3/7/18 2:30,10770.18,10842.68,10730,10796.42,245.52,2647802.84,10784.67
3/7/18 3:00,10796.42,10800,10682.05,10740,205.72,2209573.09,10740.46
3/7/18 3:30,10737.97,10760.01,10688.49,10745.49,151.17,1621366.6,10725.24
3/7/18 4:00,10735.7,10770.8,10698.88,10747.99,117.43,1258966.59,10721.03
3/7/18 4:30,10750.12,10776.72,10727,10758.81,198.74,2137567.92,10755.53
3/7/18 5:00,10761.99,10815,10744.91,10780.17,99.26,1070578.8,10785.18
3/7/18 5:30,10780.17,10780.17,10633.25,10656.84,177.88,1899894.93,10680.65
3/7/18 6:00,10670,10676.09,10550,10578.7,368.87,3907789.86,10594
3/7/18 6:30,10574.06,10619.02,10501,10501.11,285.85,3015517.78,10549.31
3/7/18 7:00,10516.92,10559.84,10495.29,10499.62,363.38,3819857.33,10512.03
3/7/18 7:30,10499.62,10540.63,10424,10528.2,710.37,7441788.74,10475.89
3/7/18 8:00,10526.82,10619.69,10522.62,10610.64,244.05,2581026.85,10575.98
3/7/18 8:30,10607.51,10607.51,10522.98,10555.8,118.16,1247909.81,10561.16
3/7/18 9:00,10550,10555.8,10444.77,10510.83,450.27,4722636.57,10488.39
3/7/18 9:30,10527.08,10536.56,10417,10484.66,351.84,3682002.48,10464.94
3/7/18 10:00,10488.25,10566.99,10467.49,10543.54,458.88,4832028.22,10530.03
3/7/18 10:30,10547.23,10559.14,10450,10488.99,379.77,3986942.39,10498.18
3/7/18 11:00,10482.13,10586.53,10460,10586.53,221.79,2335083.64,10528.23
3/7/18 11:30,10586.53,10646.24,10566.81,10646.24,322.05,3414173.5,10601.36
3/7/18 12:00,10636.99,10661.91,10574.75,10577.39,246.78,2622543.63,10627.01
3/7/18 12:30,10577.39,10657.42,10577.39,10590.55,119.28,1265910.86,10613.09
3/7/18 13:00,10590.44,10640,10582,10606.99,114.69,1216990.84,10611.03
3/7/18 13:30,10606.99,10631.74,10514.35,10550.6,208.27,2198433.22,10555.54
3/7/18 14:00,10550.6,10619.89,10537.61,10600.42,87.29,924364.61,10589.58
3/7/18 14:30,10603.99,10670.62,10560.49,10667.83,195.6,2079732.45,10632.48
3/7/18 15:00,10665.44,10699.73,10629.03,10681.46,595.07,6350487.62,10671.8
3/7/18 15:30,10675,10675,10598.02,10655,253.68,2697718.82,10634.5
3/7/18 16:00,10655,10685,10435.88,10454.7,481.45,5076475.8,10544.16
3/7/18 16:30,10446.66,10454.61,9857.99,9933.6,3501.02,35381922.68,10106.19
3/7/18 17:00,9956.19,10082.37,9450,9674.9,3850.15,37374159.91,9707.2
3/7/18 17:30,9674.9,9849,9614.51,9751.87,2408.23,23500742.04,9758.49
3/7/18 18:00,9750.5,9940,9710,9750.68,1252.19,12311818.74,9832.23
3/7/18 18:30,9763.99,9853.45,9682.73,9689.79,791.63,7721364.71,9753.8
3/7/18 19:00,9682.73,9772.4,9634.5,9694,600.82,5822362.48,9690.62
3/7/18 19:30,9677.63,9850,9677.63,9842.59,596.22,5815406.43,9753.76
3/7/18 20:00,9842.59,9844.54,9726.99,9800.33,336.59,3293674.74,9785.31
3/7/18 20:30,9800.83,9823.2,9706.94,9752.92,261.31,2551683.3,9764.8
3/7/18 21:00,9759.98,9952.36,9759.98,9919.06,770.41,7603149.65,9868.99
3/7/18 21:30,9919.11,9977.24,9910,9941.51,651.56,6485336.07,9953.57
3/7/18 22:00,9941.5,10100,9935.36,10070,895.44,8984153.14,10033.22
3/7/18 22:30,10070,10102.58,9902.78,9931.62,456.85,4581358.56,10028.05
3/7/18 23:00,9931.62,9964.3,9813.43,9856.1,601.17,5932138.17,9867.65
3/7/18 23:30,9856.37,9977.24,9840.94,9913.03,394.55,3909680.95,9909.16
3/8/18 0:00,9904.52,10030,9853.45,10020,288.09,2865668.44,9947.14
3/8/18 0:30,10019.99,10036.69,9928.38,9960.36,151.09,1507202.96,9975.58
3/8/18 1:00,9939.32,10037,9938.93,9984.62,135.39,1352878.73,9992.58
3/8/18 1:30,9988.66,10010.06,9808.05,9870.06,497.99,4918805.91,9877.41
3/8/18 2:00,9870.05,9873.89,9586.5,9660.58,1020.04,9900146.58,9705.63
3/8/18 2:30,9663.62,9777.13,9610.47,9625.68,485.54,4712414.53,9705.42
3/8/18 3:00,9625.68,9718.63,9625.68,9695.47,138.6,1340162.16,9668.98
3/8/18 3:30,9695.48,9695.48,9527.54,9549.86,316.32,3033825.24,9591.1
3/8/18 4:00,9546.51,9728.98,9535.92,9728.97,326.96,3147607.2,9626.75
3/8/18 4:30,9723.47,9795,9689.65,9781.33,275.53,2682739.34,9736.47
3/8/18 5:00,9781.33,9796.98,9727.27,9733.22,313.14,3057305.84,9763.24
3/8/18 5:30,9740.23,9840,9684,9796.28,402.74,3938452.67,9779.03
3/8/18 6:00,9809.57,9869,9755.53,9775,225.53,2214584.81,9819.4
3/8/18 6:30,9772.81,9814.16,9728,9761.97,290.32,2832156.03,9755.32
3/8/18 7:00,9752.93,9964.8,9701.28,9964.8,679.94,6711274.76,9870.39
3/8/18 7:30,9964.8,10002.18,9938.61,9971.14,603.94,6026152.75,9978.14
3/8/18 8:00,9970.59,9999.96,9853.45,9879.94,366.22,3633532.2,9921.85
3/8/18 8:30,9888.21,9977.23,9856.01,9904.99,214.8,2129473.72,9913.72
3/8/18 9:00,9913.99,10150,9900,10127.83,862.12,8679209.52,10067.34
3/8/18 9:30,10123.41,10132.57,10049.99,10073.11,443.35,4467150.13,10075.95
3/8/18 10:00,10070,10091.98,9983.26,10026.12,232.06,2328374.56,10033.33
3/8/18 10:30,10015.36,10052.25,9927.54,10030.32,208.8,2084909.46,9985.25
3/8/18 11:00,10031.94,10054.07,9984.63,10010,209.2,2097173.66,10024.61
3/8/18 11:30,10010,10030,9940.1,9949.71,308.8,3080479.13,9975.57
3/8/18 12:00,9954.69,10017.1,9779.92,9817.51,474.13,4704467.43,9922.32
3/8/18 12:30,9809.34,9840,9745,9800.01,459.45,4494793.37,9783.03
3/8/18 13:00,9803.15,9806,9682.73,9781.93,946.32,9208903.6,9731.26
3/8/18 13:30,9795,9933.05,9777.01,9924.97,775.15,7653871.22,9874.01
3/8/18 14:00,9924.66,9929.17,9804.37,9807.79,349.41,3444428.3,9857.77
3/8/18 14:30,9818.89,9843.19,9750,9762.34,307.56,3013336.09,9797.41
3/8/18 15:00,9762.34,9952.35,9749.99,9949.8,466.16,4597055.11,9861.63
3/8/18 15:30,9949.8,9950,9876.1,9936.85,283.26,2808050.74,9913.43
3/8/18 16:00,9934.24,9940.95,9820.2,9851.94,419.42,4133445.26,9855.12
3/8/18 16:30,9844.02,9877.62,9340,9435.01,1689.28,16126618.05,9546.45
3/8/18 17:00,9433.96,9440,9078.95,9274.42,1906.6,17628249.24,9245.9
3/8/18 17:30,9275.19,9350.1,9224.34,9300.96,828.68,7699168.08,9290.89
3/8/18 18:00,9300.96,9358.71,9190.3,9272.99,520.42,4820094.52,9262.01
3/8/18 18:30,9272.99,9452.57,9267.48,9350,713.66,6680493.42,9360.86
3/8/18 19:00,9347.08,9370.13,9235.83,9308.99,306.77,2852991.93,9300.14
3/8/18 19:30,9309.99,9396.91,9301.79,9375.24,280.98,2630951.62,9363.4
3/8/18 20:00,9390.05,9392.99,9270,9305.56,231.96,2159392.85,9309.14
3/8/18 20:30,9305.01,9396.91,9263.54,9381.66,224.6,2097907.27,9340.46
3/8/18 21:00,9376.7,9466,9376.69,9451.27,342.26,3227931.17,9431.15
3/8/18 21:30,9450.45,9457.12,9316.68,9327.66,440.52,4125130.86,9364.24
3/8/18 22:00,9318.99,9400.01,9303.53,9325.2,368.36,3446483.81,9356.28
3/8/18 22:30,9330.02,9330.02,9234.1,9247.05,455.2,4223616.96,9278.57
3/8/18 23:00,9255,9369.89,9255,9336.47,317.06,2952132.29,9311.01
3/8/18 23:30,9334,9372.97,9270,9285.32,418.68,3898927.38,9312.44
3/9/18 0:00,9293.06,9420.39,9286.79,9392,304.24,2851720.72,9373.37
3/9/18 0:30,9386,9394.69,9323.83,9369,333.95,3126576.85,9362.43
3/9/18 1:00,9368.63,9368.63,9260,9339.88,659.68,6142181.39,9310.92
3/9/18 1:30,9339.88,9339.88,8949.52,9110,1363.21,12398064.29,9094.78
3/9/18 2:00,9099.24,9138.76,8884.53,9040.1,905.82,8141625.98,8988.09
3/9/18 2:30,9047.88,9092.63,8964.8,9012.76,463.2,4179151.85,9022.38
3/9/18 3:00,9009.79,9051.48,8947.46,8971.72,524.24,4711219.59,8986.78
3/9/18 3:30,8964.15,9045,8947,8968.02,350.83,3153764.6,8989.49
3/9/18 4:00,8975.11,8989.7,8650,8682.69,1301.1,11436157.58,8789.62
3/9/18 4:30,8663.82,8735.7,8567.68,8632.1,882.82,7648849.9,8664.15
3/9/18 5:00,8649.1,8770,8572.7,8653.49,804.04,6989560.87,8693.04
3/9/18 5:30,8643.08,8716,8461.38,8500,973.69,8353107.47,8578.84
3/9/18 6:00,8507.46,8650,8366,8630,1145.21,9719129.44,8486.8
3/9/18 6:30,8634.91,8916.89,8630,8820.02,1217.33,10717164.57,8803.85
3/9/18 7:00,8821.9,8880,8740.54,8809.8,941.84,8294075.69,8806.23
3/9/18 7:30,8811.16,8847.91,8712.37,8735.9,493.98,4337089.64,8779.82
3/9/18 8:00,8745.3,8803.27,8632.1,8800.29,443.6,3860191.18,8702.01
3/9/18 8:30,8799.69,8867,8656.71,8701.47,268.49,2353810.3,8766.74
3/9/18 9:00,8701.47,8756.62,8572.39,8667.29,477.17,4124351.5,8643.32
3/9/18 9:30,8667.3,8690.01,8398.24,8557.91,1403.28,11963412.85,8525.33
3/9/18 10:00,8571.98,8805.9,8481.69,8730,1015.76,8855599.04,8718.18
3/9/18 10:30,8713.9,8806.26,8602.91,8766.97,460.38,4004186.77,8697.56
3/9/18 11:00,8771.47,8850.32,8700,8752.03,383.03,3360693.8,8773.98
3/9/18 11:30,8751.99,8973.63,8708.69,8958.56,540.63,4804954.44,8887.68
3/9/18 12:00,8964.99,9067.76,8910.9,8979.99,487.45,4382193.99,8990.12
3/9/18 12:30,8980.67,9067.52,8891.51,9006.19,259.97,2332941.73,8974
3/9/18 13:00,8995.49,9025.79,8850.61,8909,352.42,3149714.05,8937.36
3/9/18 13:30,8908.99,9000.01,8852.78,8935.24,307.97,2755574.46,8947.42
3/9/18 14:00,8947.25,9165.19,8925,9165.18,597.53,5405218.38,9045.96
3/9/18 14:30,9161.92,9166.56,9083.85,9160.7,573.7,5234853.9,9124.8
3/9/18 15:00,9166.55,9171.99,8938.43,8940,890.4,8056247.11,9047.86
3/9/18 15:30,8940.01,9042.61,8940.01,8975.01,247.6,2225295.53,8987.56
3/9/18 16:00,8975.01,9082.35,8748.5,8763,668.05,5944855.79,8898.8
3/9/18 16:30,8761.01,8808.99,8600,8715.81,1320.26,11497890.63,8708.81
3/9/18 17:00,8717.42,8872.47,8693.48,8834.16,315.56,2780014.94,8809.83
3/9/18 17:30,8823.81,8845.77,8720.2,8752.36,550.16,4831584.1,8782.15
3/9/18 18:00,8754.35,8916.89,8754.35,8881.46,412.05,3642983.52,8841.13
3/9/18 18:30,8881.45,8961.53,8845.38,8888.09,434.14,3866469.58,8906.06
3/9/18 19:00,8888.11,8899.84,8653.9,8733.16,619.98,5425571.64,8751.22
3/9/18 19:30,8720.08,8816.39,8700,8795.22,316.56,2764079.63,8731.56
3/9/18 20:00,8786.1,8865.45,8768.76,8800,252.57,2227609.09,8819.88
3/9/18 20:30,8813.26,9015.75,8734.99,8990.01,536.41,4765441.59,8884.03
3/9/18 21:00,8990.01,9132.63,8947.44,9100.65,479.19,4342834.16,9062.91
3/9/18 21:30,9100,9132.64,8977.35,8999.9,446.25,4047561.34,9070.24
3/9/18 22:00,8999.9,9100,8940.27,9080,277.81,2505417.43,9018.41
3/9/18 22:30,9080,9247,9080,9215.11,324.61,2985331.84,9196.71
3/9/18 23:00,9215.12,9350,9171.35,9285.02,375.92,3486861.29,9275.59
3/9/18 23:30,9285.03,9363.16,9230,9230,310.13,2886631.52,9307.86
3/10/18 0:00,9228.83,9347,9217.83,9273.57,259.06,2407559.54,9293.28
3/10/18 0:30,9265.55,9363.16,9255.14,9346.22,279.89,2601423.92,9294.54
3/10/18 1:00,9333.04,9396.91,9276.56,9350,270.31,2525919.16,9344.67
3/10/18 1:30,9350.03,9423.89,9275.08,9292.3,363.28,3405429.95,9374.11
3/10/18 2:00,9292.3,9350,9247.34,9277.46,175.35,1631587.38,9304.77
3/10/18 2:30,9261.36,9326.56,9240,9296.31,118.29,1097391.54,9276.97
3/10/18 3:00,9287.19,9299.99,9119.54,9156.02,243.5,2236552.34,9185.15
3/10/18 3:30,9161.99,9274.6,9158.4,9259.99,116.8,1074296.77,9197.43
3/10/18 4:00,9259.99,9326.56,9215.35,9325,81.82,759427,9282.21
3/10/18 4:30,9322.59,9348.68,9280,9335.3,189.6,1767842.32,9324.16
3/10/18 5:00,9329.99,9348.68,9208.23,9294.93,113.09,1049893.18,9284.01
3/10/18 5:30,9303.45,9369.99,9296.46,9346.99,245.88,2293115.59,9326.07
3/10/18 6:00,9347,9514.96,9347,9475.07,475.24,4496699.29,9461.88
3/10/18 6:30,9480,9487.83,9399.99,9435.14,301.38,2840741.83,9425.83
3/10/18 7:00,9444.04,9468.68,9384.76,9388.94,152.51,1437482.08,9425.71
3/10/18 7:30,9388.94,9449.47,9351.99,9364.37,159.08,1495756.42,9402.45
3/10/18 8:00,9360,9424.65,9349,9418.06,196.1,1840766.84,9386.83
3/10/18 8:30,9420.98,9445.78,9330.02,9364.5,195.95,1839967.02,9390.18
3/10/18 9:00,9357.86,9374.05,9233.29,9302.12,241.98,2253697.97,9313.61
3/10/18 9:30,9315.12,9349.53,9194.8,9199.2,494.99,4581341.56,9255.49
3/10/18 10:00,9222.99,9292.92,9172,9264.83,455.56,4195962.43,9210.5
3/10/18 10:30,9274.73,9370.01,9252.07,9351,146.63,1366164.31,9317.33
3/10/18 11:00,9361.65,9361.65,9291.08,9335.6,205.57,1917858.65,9329.41
3/10/18 11:30,9343.35,9407.5,9340.17,9361.8,150.33,1409157.48,9373.64
3/10/18 12:00,9369.95,9370,9296.5,9343,56.71,529137.28,9330.9
3/10/18 12:30,9343.99,9347.7,9259.72,9298.82,108.06,1004447.98,9295.31
3/10/18 13:00,9306.42,9329.91,9240.42,9316.43,95.21,884178.6,9286.3
3/10/18 13:30,9310.25,9354.9,9286.24,9307.24,78.51,731968.82,9323.64
3/10/18 14:00,9309.22,9491.23,9301.87,9462.13,176.43,1664543.88,9434.73
3/10/18 14:30,9462.15,9481.06,9413.47,9427.43,178.08,1679558.09,9431.51
3/10/18 15:00,9429.44,9491.23,9417.9,9441.96,213.49,2016435.53,9444.99
3/10/18 15:30,9441.14,9441.14,9333,9356.03,164.72,1544062.02,9373.82
3/10/18 16:00,9354.71,9404.6,9320.06,9356.58,256.61,2400817.62,9355.92
3/10/18 16:30,9356.52,9430.99,9356.5,9415.28,83.76,786273.71,9386.7
3/10/18 17:00,9393.18,9425.72,9241,9279.15,251.6,2349458.56,9338.19
3/10/18 17:30,9274.7,9274.7,9142.33,9142.34,768.53,7071179.22,9200.87
3/10/18 18:00,9142.33,9148.67,9000,9081.97,734.85,6667187.96,9072.92
3/10/18 18:30,9081.98,9147.82,9046.12,9122.67,289.18,2631244.1,9098.84
3/10/18 19:00,9116.07,9122.67,9028.66,9055.36,215.54,1953178.92,9061.75
3/10/18 19:30,9047,9155.8,9047,9122.44,347.41,3166589.82,9114.84
3/10/18 20:00,9122.44,9132.85,8961.53,8961.53,229.31,2076207.72,9054.13
3/10/18 20:30,8963.02,8970.58,8843,8875.52,595.85,5294955.82,8886.39
3/10/18 21:00,8866.14,8882.35,8753.45,8870,447.75,3944004.24,8808.58
3/10/18 21:30,8870,8870.5,8784.41,8819.54,194.5,1715130.24,8817.99
3/10/18 22:00,8819.54,8839.51,8697,8783.29,799.99,6986971.68,8733.87
3/10/18 22:30,8786.53,8900,8785.81,8845.27,251.11,2218183.13,8833.51
3/10/18 23:00,8845.92,8850.42,8750,8767.79,293.64,2581868.18,8792.76
3/10/18 23:30,8764.47,8830,8717.27,8791.47,423.58,3723364.75,8790.28
3/11/18 0:00,8795.04,8795.04,8511,8535.7,920.32,7924811.73,8610.89
3/11/18 0:30,8535.7,8594.87,8450,8507.89,604.11,5163572.66,8547.46
3/11/18 1:00,8507.34,8650,8507.34,8618.73,452.55,3892461.95,8601.23
3/11/18 1:30,8618.73,8650.56,8576,8610,297.73,2567874.35,8624.7
3/11/18 2:00,8600.02,8700,8550,8700,152.04,1309437.54,8612.22
3/11/18 2:30,8700,8740.54,8655.45,8719.39,246.91,2148824.74,8702.9
3/11/18 3:00,8710.82,8729.33,8581.12,8611.2,154.27,1337481.39,8669.91
3/11/18 3:30,8610.98,8646.05,8521.19,8629,187.89,1611693.81,8578.01
3/11/18 4:00,8629,8705,8579.95,8670.71,210,1812400.9,8630.47
3/11/18 4:30,8670,8705,8640,8674.91,99.45,863412.22,8681.74
3/11/18 5:00,8675.37,8824.4,8620,8760.43,265.94,2326058.06,8746.39
3/11/18 5:30,8760.42,8828.27,8726.99,8828.26,235.15,2060808.2,8763.83
3/11/18 6:00,8821.4,8839.99,8768.82,8793,271.55,2392256.11,8809.69
3/11/18 6:30,8792.97,8834.98,8792.97,8813.2,150.91,1330061.71,8813.46
3/11/18 7:00,8813.2,8819.99,8743.4,8770,211.35,1854833.54,8776.24
3/11/18 7:30,8767.4,8773.87,8660.25,8720.52,200.42,1747611.14,8719.74
3/11/18 8:00,8720.52,8782.54,8703.27,8780,186.17,1628898.38,8749.54
3/11/18 8:30,8772.34,8800,8750.03,8797.97,163.85,1438526.55,8779.78
3/11/18 9:00,8795.37,8798.97,8733.83,8733.83,92.1,807312.17,8765.4
3/11/18 9:30,8745.64,8745.64,8610.3,8650.32,330.35,2862728.52,8665.68
3/11/18 10:00,8655.25,8682.92,8600,8667.55,257.82,2223334.93,8623.45
3/11/18 10:30,8670.86,8719.13,8650.78,8700,242.11,2104238.9,8691.35
3/11/18 11:00,8700,8700,8642.99,8690.11,87.48,758949.38,8675.5
3/11/18 11:30,8673.55,9119.53,8664.47,9051.17,905.32,8048582.57,8890.36
3/11/18 12:00,9050.05,9274.8,9018.86,9203.99,759.62,6960752.11,9163.43
3/11/18 12:30,9203.99,9241.08,9155.22,9179.91,307.34,2827917.38,9201.32
3/11/18 13:00,9185,9347,9175.35,9278.27,550.64,5113851.21,9287.15
3/11/18 13:30,9278.28,9308.43,9200,9220.73,299.83,2773346.26,9249.82
3/11/18 14:00,9220.73,9332.98,9170.51,9270,330.47,3061442.11,9263.96
3/11/18 14:30,9270,9296.02,9145.53,9227.29,227.77,2099679.18,9218.25
3/11/18 15:00,9221.49,9272.02,9156.89,9209.33,160.82,1483121.46,9222.03
3/11/18 15:30,9210,9212.57,9075.2,9100,349.44,3190169.12,9129.29
3/11/18 16:00,9100,9275,9098.96,9242.55,298.73,2749874.97,9205.2
3/11/18 16:30,9251.99,9320,9206.83,9206.83,323.83,3007832.88,9288.38
3/11/18 17:00,9220.19,9489.9,9206.68,9443.18,431.03,4049419.59,9394.67
3/11/18 17:30,9444.23,9682.73,9400,9638.03,1137.76,10894221.87,9575.11
3/11/18 18:00,9648,9750,9595.21,9623.53,406.99,3932879.6,9663.3
3/11/18 18:30,9613.01,9634.5,9564.38,9615.75,266.6,2559284.03,9599.7
3/11/18 19:00,9615.81,9660.07,9560.2,9601.65,755.35,7253034.06,9602.17
3/11/18 19:30,9602.32,9708.5,9588.28,9637.78,175.75,1697170.31,9656.61
3/11/18 20:00,9653.95,9654.17,9458.01,9546.02,372.83,3551400.54,9525.54
3/11/18 20:30,9546.03,9659.52,9503.52,9650,722.01,6930810.78,9599.29
3/11/18 21:00,9650,9694.33,9573.87,9660.95,174.86,1688133.05,9653.99
3/11/18 21:30,9660.95,9680,9540.64,9545.27,178.44,1715446.23,9613.46
3/11/18 22:00,9545.27,9768.37,9545.27,9646.18,482.57,4676419.68,9690.57
3/11/18 22:30,9663.71,9684.68,9495.4,9500,286.44,2739876.37,9565.24
3/11/18 23:00,9517.07,9565.61,9429.28,9482.56,276.27,2621781.4,9490.01
3/11/18 23:30,9488.65,9585.1,9468.59,9535.04,206.33,1964839.15,9522.83
3/12/18 0:00,9535.04,9630.8,9534.35,9571.45,208.56,1999628.68,9587.69
3/12/18 0:30,9571.45,9661.16,9565,9599.39,108.39,1041520.5,9609.16
3/12/18 1:00,9599.39,9721.1,9581.45,9663.75,139.26,1343713.79,9649
3/12/18 1:30,9663.65,9686.98,9470.01,9541.66,236.82,2262028.91,9551.85
3/12/18 2:00,9526.23,9614,9489.41,9604.85,163.12,1555543.79,9536.27
3/12/18 2:30,9603.41,9608,9542.96,9568.96,94.9,909634.96,9585.58
3/12/18 3:00,9584.97,9632.89,9512.01,9520,104.21,996095.82,9558.41
3/12/18 3:30,9525.07,9525.07,9355.55,9436.81,473.13,4450821.31,9407.19
3/12/18 4:00,9420.43,9548.52,9370,9518.87,353.96,3338783.57,9432.6
3/12/18 4:30,9522.54,9585.65,9522.54,9548.99,84.83,810505.38,9554.52
3/12/18 5:00,9548.99,9619.99,9492.03,9601.13,144.42,1377037,9535.15
3/12/18 5:30,9586.56,9627.96,9561,9566.24,53.12,509524.25,9591.05
3/12/18 6:00,9573.2,9648.99,9533.88,9625.6,108.98,1045557.37,9593.8
3/12/18 6:30,9631.09,9682.73,9567.47,9600.52,228.29,2200413.98,9638.52
3/12/18 7:00,9597.99,9626.99,9519,9561.98,141.04,1352161.61,9587.38
3/12/18 7:30,9541.6,9605.09,9536.37,9580.88,379.34,3625389.68,9557.08
3/12/18 8:00,9580.32,9613.51,9475.8,9540.02,514.99,4902289.98,9519.26
3/12/18 8:30,9538.59,9574.54,9510.34,9536.27,94.64,903551.36,9547.7
3/12/18 9:00,9536.26,9636.65,9507,9613.51,181.42,1733606.92,9555.9
3/12/18 9:30,9626.9,9890,9621.38,9809.25,1408.41,13781971.44,9785.52
3/12/18 10:00,9822.99,9892,9816.39,9840.98,445.98,4397863.3,9861.06
3/12/18 10:30,9834.27,9840.99,9750,9822.98,322.77,3160535.99,9791.92
3/12/18 11:00,9823.35,9839.99,9789,9801,126.98,1244752.6,9802.4
3/12/18 11:30,9795.5,9858.75,9758.85,9828.93,226.31,2217668.91,9799.34
3/12/18 12:00,9828.99,9831.95,9774.09,9793,99.67,976566.46,9797.62
3/12/18 12:30,9793,9808.99,9760.65,9787.04,148.74,1455458,9785.56
3/12/18 13:00,9784.58,9791.9,9689.74,9759.28,543.94,5291491.65,9727.99
3/12/18 13:30,9760,9817.7,9760,9786.04,407.13,3984320.66,9786.24
3/12/18 14:00,9780.17,9790.78,9420.4,9421.64,703.07,6727286.4,9568.47
3/12/18 14:30,9420.4,9489.98,9205,9251,969.63,9065569.14,9349.53
3/12/18 15:00,9251.97,9348.43,9229.78,9280.59,651,6043428.2,9283.23
3/12/18 15:30,9290.87,9327.49,9142.33,9193.31,695.87,6413572.49,9216.6
3/12/18 16:00,9185.77,9195.97,8987.67,9140.89,1090.05,9899950.23,9082.1
3/12/18 16:30,9140,9250,9120.01,9190,327.23,3014607.76,9212.61
3/12/18 17:00,9190,9295,9067.79,9070.84,492.7,4539993.1,9214.44
3/12/18 17:30,9070.84,9223.94,9064.04,9181.29,355.18,3250103.26,9150.65
3/12/18 18:00,9192.63,9243,9132.82,9237.64,173.29,1591807.54,9186
3/12/18 18:30,9226.49,9250,9183.49,9190.78,128.88,1187177.08,9211.66
3/12/18 19:00,9204.49,9219.49,8880.26,8923.29,874.57,7907508.65,9041.56
3/12/18 19:30,8931.9,8968.84,8857,8929.97,616.16,5488080.2,8906.89
3/12/18 20:00,8929.96,8951.81,8742.07,8890,1412.6,12497095.8,8846.86
3/12/18 20:30,8889.99,9051.48,8849.83,9021.23,851.94,7640996.39,8968.91
3/12/18 21:00,9014.07,9031.27,8913.18,9000,276.57,2480379.84,8968.43
3/12/18 21:30,8991.24,9119.53,8974.39,9100.05,235.22,2130511.86,9057.63
3/12/18 22:00,9109.29,9166.52,9080.2,9128.01,332.6,3039528.17,9138.82
3/12/18 22:30,9128.01,9136.38,9000,9039.81,274.54,2487148.01,9059.24
3/12/18 23:00,9040.38,9222.14,9040.38,9195.01,359.05,3283416.11,9144.75
3/12/18 23:30,9195.01,9220.51,9078.18,9120.75,387.53,3546781.95,9152.35
3/13/18 0:00,9115.24,9173.28,9015.69,9149.18,317.28,2883964.68,9089.55
3/13/18 0:30,9142.36,9275,9111.65,9241.12,363.53,3348298.85,9210.57
3/13/18 1:00,9241.75,9244.8,9169,9184.06,102.34,941304.04,9197.95
3/13/18 1:30,9189.77,9234.99,9081.07,9096.58,265.64,2432829.43,9158.49
3/13/18 2:00,9090,9173.21,9064.74,9165.9,149.54,1364212.88,9122.9
3/13/18 2:30,9168.37,9191.51,9080.52,9132.99,98.05,895718.85,9135.13
3/13/18 3:00,9128.99,9132.99,8955.84,8990.89,210.31,1897553.4,9022.86
3/13/18 3:30,8999.82,9066.54,8995,9044.99,114.33,1032885.83,9034.59
3/13/18 4:00,9047.99,9350.1,9025.27,9318.26,788.78,7301627.64,9256.83
3/13/18 4:30,9339.89,9444.99,9302,9385,538.76,5063382.59,9398.17
3/13/18 5:00,9380.99,9409.09,9339.92,9359.08,205.52,1926043.74,9371.7
3/13/18 5:30,9358.76,9415.22,9322.04,9383.45,285.58,2677598.76,9376.11
3/13/18 6:00,9383.45,9482.79,9352.07,9358.92,552.77,5212921.43,9430.5
3/13/18 6:30,9361.09,9398.61,9341.77,9350.05,283.92,2661017.35,9372.29
3/13/18 7:00,9350.07,9400,9160.73,9225.45,655.02,6055513.62,9244.73
3/13/18 7:30,9219.05,9228.62,9100,9204.9,341.68,3128906.75,9157.41
3/13/18 8:00,9204.83,9205,9057.99,9131.41,308.2,2813044.55,9127.36
3/13/18 8:30,9112.27,9227,9112.27,9177.75,163.7,1502138.75,9176.28
3/13/18 9:00,9175,9298.89,9163.93,9276.8,166.23,1536840.22,9245.52
3/13/18 9:30,9272.28,9363.32,9231.74,9259,164.7,1530549.64,9292.92
3/13/18 10:00,9260.77,9315.86,9112.23,9197.87,137.75,1265688.29,9188.33
3/13/18 10:30,9191.59,9199.67,8872.47,8880.96,1152.53,10406124.01,9028.93
3/13/18 11:00,8881.1,9055.89,8873.52,9047.22,470.61,4217800.99,8962.32
3/13/18 11:30,9040.03,9105.1,8969.97,9066.26,384.13,3468722.76,9030.07
3/13/18 12:00,9065.82,9065.82,8920,9033,413.3,3723937.21,9010.34
3/13/18 12:30,9032.99,9042.88,8830,8970,815.91,7295467.47,8941.56
3/13/18 13:00,8964.01,9257.18,8948.25,9223.44,676.93,6172142.14,9117.87
3/13/18 13:30,9212.6,9265.96,9096.24,9128.08,485.46,4451010.05,9168.56
3/13/18 14:00,9137.91,9148.83,9033.43,9077.22,239.43,2175407.5,9085.68
3/13/18 14:30,9077.08,9213.82,9038.75,9095.89,456.12,4172133.17,9146.93
3/13/18 15:00,9096,9149.99,8961.53,9000,491.25,4444154.93,9046.71
3/13/18 15:30,9004.62,9120,8985,9101.1,338.34,3063368,9054.19
3/13/18 16:00,9081.06,9089.92,8961.53,9042.1,222.96,2013068.04,9028.73
3/13/18 16:30,9050.19,9326.79,8996.95,9245.31,889.9,8225330.2,9242.97
3/13/18 17:00,9242.99,9270.86,9140.95,9148.52,295.84,2722819.81,9203.59
3/13/18 17:30,9148.52,9254.98,9100,9105.79,278.99,2560589.37,9178.22
3/13/18 18:00,9111.96,9165.92,9056.32,9139.79,121.59,1106572.25,9101.03
3/13/18 18:30,9123.69,9199,9098.15,9142.42,76.4,699032.56,9149.77
3/13/18 19:00,9145.18,9213.99,9119.36,9167.7,87.57,803203.02,9172.5
3/13/18 19:30,9162.48,9176.21,9003.05,9049.87,388.39,3511093.12,9040.23
3/13/18 20:00,9073.66,9100,9040.13,9067.99,187.17,1697996.15,9071.97
3/13/18 20:30,9063.32,9233.99,9005.97,9060.33,223.6,2042472.76,9134.37
3/13/18 21:00,9065.52,9148.74,9055.2,9079.99,90.79,825975.69,9098.11
3/13/18 21:30,9080.68,9145,9077.99,9118.52,47.67,434440.11,9113.19
3/13/18 22:00,9133.99,9280.33,9112.86,9270.19,637.01,5855455.87,9192.15
3/13/18 22:30,9262.82,9262.82,9115.36,9151.99,146.1,1343246.25,9193.77
3/13/18 23:00,9151.99,9194,9134.11,9156.84,100.06,918073.31,9174.93
3/13/18 23:30,9173.31,9194.17,9132.03,9142.32,69.81,639861.23,9165.5
3/14/18 0:00,9152.07,9246.47,9152.07,9224.25,251.8,2319755.24,9212.57
3/14/18 0:30,9220,9356.14,9183.14,9317.96,512.39,4764761,9299.18
3/14/18 1:00,9309.82,9325.5,9265.86,9281.01,78.64,730865.39,9293.64
3/14/18 1:30,9284.24,9307.92,9253.32,9291.57,129.21,1199390.89,9282.58
3/14/18 2:00,9291.57,9319.3,9224.63,9255.96,277.74,2579420.34,9287.18
3/14/18 2:30,9258.01,9277.55,9230.53,9247.49,159.07,1472672,9257.78
3/14/18 3:00,9248.14,9293.98,9242.17,9267.99,147.87,1370523.99,9268.32
3/14/18 3:30,9270.98,9345.94,9252.1,9280.49,122.3,1136240.78,9290.49
3/14/18 4:00,9280.39,9280.39,9094,9146.32,376.54,3444043.19,9146.46
3/14/18 4:30,9140.19,9153.34,9080.49,9105.01,77.32,705662.36,9127.04
3/14/18 5:00,9122.21,9156.39,9102.87,9147.7,180.02,1645084.76,9138.57
3/14/18 5:30,9148.23,9213.03,9134.2,9198.67,200.58,1838968.36,9168.37
3/14/18 6:00,9198.91,9200,9159.69,9161.08,181.74,1669879.87,9188.35
3/14/18 6:30,9161.08,9196.05,9128,9186.29,251.08,2297513.38,9150.38
3/14/18 7:00,9186.99,9200,9150,9158.13,122.58,1124491.79,9173.24
3/14/18 7:30,9158.13,9163.09,9059.94,9104.55,201.51,1837744.51,9120.09
3/14/18 8:00,9104.55,9138,9087.35,9108.33,105.57,961979.48,9112.5
3/14/18 8:30,9108.33,9140,9095.02,9130,144.61,1318138.71,9115.04
3/14/18 9:00,9124.99,9137.53,9028.9,9059.87,518.79,4704805.12,9068.88
3/14/18 9:30,9059.87,9059.87,8795,8920.09,1656.43,14764859.91,8913.69
3/14/18 10:00,8915.07,8940,8704.05,8750,590.13,5202509.72,8815.85
3/14/18 10:30,8749.01,8785.15,8662.75,8746.54,830.04,7233044.84,8714.14
3/14/18 11:00,8739.29,8773.38,8610.57,8732.2,426.35,3703903.05,8687.41
3/14/18 11:30,8721.14,8752.6,8673.87,8710.57,214.7,1868048.19,8700.81
3/14/18 12:00,8710.57,8718.99,8605,8705.38,482.65,4179960.94,8660.51
3/14/18 12:30,8705.28,8750,8667.2,8699.98,354.94,3090265.72,8706.54
3/14/18 13:00,8699.99,8716.25,8595,8645.05,417.6,3605396.63,8633.7
3/14/18 13:30,8645,8692.44,8615.7,8679.33,317.89,2750666.13,8652.76
3/14/18 14:00,8675,8783.8,8667.01,8783.8,427.04,3721836.05,8715.39
3/14/18 14:30,8783.8,8788,8701,8743.63,164.57,1438788.22,8742.67
3/14/18 15:00,8743.63,8750,8673.48,8673.48,227.85,1983204.35,8703.93
3/14/18 15:30,8667.2,8750,8667.2,8742.72,158.94,1384850.24,8713.06
3/14/18 16:00,8737.5,8742.71,8658.29,8692.84,188.8,1641200.88,8692.77
3/14/18 16:30,8693.18,8693.47,8335.56,8420.59,2260.65,19127351.57,8460.99
3/14/18 17:00,8419.99,8440,8233,8309.66,1552.93,12895803.1,8304.16
3/14/18 17:30,8309.74,8405.89,8306.12,8332,578.79,4842448.84,8366.54
3/14/18 18:00,8332,8344.84,8201.14,8269.67,987.04,8154242.19,8261.32
3/14/18 18:30,8259.98,8329.14,8239.09,8246.7,299.92,2484190.58,8282.73
3/14/18 19:00,8255.62,8358.9,8251.12,8352.92,424.26,3530294.93,8321.04
3/14/18 19:30,8352.11,8358.83,8280.99,8291.19,217.13,1806022.37,8317.77
3/14/18 20:00,8297.1,8360,8205,8344.98,536.55,4439857.26,8274.77
3/14/18 20:30,8345.05,8357.8,8266.59,8300,222.83,1848898.45,8297.4
3/14/18 21:00,8300,8310.25,8088,8118.65,816.86,6662177.13,8155.79
3/14/18 21:30,8103.84,8183.93,7948,8048.98,1282.49,10303174.03,8033.72
3/14/18 22:00,8048.98,8312.02,8046.95,8215.8,812.53,6658298.14,8194.55
3/14/18 22:30,8211.79,8270,8129.4,8177.23,215.56,1767990.55,8201.84
3/14/18 23:00,8177.98,8299,8150.81,8275.08,234.64,1929092.09,8221.48
3/14/18 23:30,8272.11,8289.99,8192.29,8196.69,251.56,2070413.62,8230.35
3/15/18 0:00,8195.99,8276.66,8172.8,8238.01,208.08,1716675.65,8250.03